--
-- PostgreSQL database dump
--

-- Dumped from database version 12.9 (Ubuntu 12.9-2.pgdg20.04+1)
-- Dumped by pg_dump version 12.9 (Ubuntu 12.9-2.pgdg20.04+1)

SET statement_timeout = 0;
SET lock_timeout = 0;
SET idle_in_transaction_session_timeout = 0;
SET client_encoding = 'UTF8';
SET standard_conforming_strings = on;
SELECT pg_catalog.set_config('search_path', '', false);
SET check_function_bodies = false;
SET xmloption = content;
SET client_min_messages = warning;
SET row_security = off;

DROP DATABASE universe;
--
-- Name: universe; Type: DATABASE; Schema: -; Owner: freecodecamp
--

CREATE DATABASE universe WITH TEMPLATE = template0 ENCODING = 'UTF8' LC_COLLATE = 'C.UTF-8' LC_CTYPE = 'C.UTF-8';


ALTER DATABASE universe OWNER TO freecodecamp;

\connect universe

SET statement_timeout = 0;
SET lock_timeout = 0;
SET idle_in_transaction_session_timeout = 0;
SET client_encoding = 'UTF8';
SET standard_conforming_strings = on;
SELECT pg_catalog.set_config('search_path', '', false);
SET check_function_bodies = false;
SET xmloption = content;
SET client_min_messages = warning;
SET row_security = off;

SET default_tablespace = '';

SET default_table_access_method = heap;

--
-- Name: galaxy; Type: TABLE; Schema: public; Owner: freecodecamp
--

CREATE TABLE public.galaxy (
    galaxy_id integer NOT NULL,
    name character varying(30) NOT NULL,
    number_of_solar_systems integer,
    number_of_stars_in_billions integer,
    mass_in_solar integer
);


ALTER TABLE public.galaxy OWNER TO freecodecamp;

--
-- Name: galaxy_id_seq; Type: SEQUENCE; Schema: public; Owner: freecodecamp
--

CREATE SEQUENCE public.galaxy_id_seq
    AS integer
    START WITH 1
    INCREMENT BY 1
    NO MINVALUE
    NO MAXVALUE
    CACHE 1;


ALTER TABLE public.galaxy_id_seq OWNER TO freecodecamp;

--
-- Name: galaxy_id_seq; Type: SEQUENCE OWNED BY; Schema: public; Owner: freecodecamp
--

ALTER SEQUENCE public.galaxy_id_seq OWNED BY public.galaxy.galaxy_id;


--
-- Name: moon; Type: TABLE; Schema: public; Owner: freecodecamp
--

CREATE TABLE public.moon (
    moon_id integer NOT NULL,
    name character varying(30) NOT NULL,
    description text,
    planet_id integer,
    radius_in_km integer
);


ALTER TABLE public.moon OWNER TO freecodecamp;

--
-- Name: moon_id_seq; Type: SEQUENCE; Schema: public; Owner: freecodecamp
--

CREATE SEQUENCE public.moon_id_seq
    AS integer
    START WITH 1
    INCREMENT BY 1
    NO MINVALUE
    NO MAXVALUE
    CACHE 1;


ALTER TABLE public.moon_id_seq OWNER TO freecodecamp;

--
-- Name: moon_id_seq; Type: SEQUENCE OWNED BY; Schema: public; Owner: freecodecamp
--

ALTER SEQUENCE public.moon_id_seq OWNED BY public.moon.moon_id;


--
-- Name: planet; Type: TABLE; Schema: public; Owner: freecodecamp
--

CREATE TABLE public.planet (
    planet_id integer NOT NULL,
    name character varying(30) NOT NULL,
    number_of_moons integer,
    has_life boolean,
    star_id integer,
    solar_system_id integer
);


ALTER TABLE public.planet OWNER TO freecodecamp;

--
-- Name: planet_id_seq; Type: SEQUENCE; Schema: public; Owner: freecodecamp
--

CREATE SEQUENCE public.planet_id_seq
    AS integer
    START WITH 1
    INCREMENT BY 1
    NO MINVALUE
    NO MAXVALUE
    CACHE 1;


ALTER TABLE public.planet_id_seq OWNER TO freecodecamp;

--
-- Name: planet_id_seq; Type: SEQUENCE OWNED BY; Schema: public; Owner: freecodecamp
--

ALTER SEQUENCE public.planet_id_seq OWNED BY public.planet.planet_id;


--
-- Name: solar_system; Type: TABLE; Schema: public; Owner: freecodecamp
--

CREATE TABLE public.solar_system (
    solar_system_id integer NOT NULL,
    name character varying(30),
    number_of_planets integer NOT NULL
);


ALTER TABLE public.solar_system OWNER TO freecodecamp;

--
-- Name: solar_system_solar_system_id_seq; Type: SEQUENCE; Schema: public; Owner: freecodecamp
--

CREATE SEQUENCE public.solar_system_solar_system_id_seq
    AS integer
    START WITH 1
    INCREMENT BY 1
    NO MINVALUE
    NO MAXVALUE
    CACHE 1;


ALTER TABLE public.solar_system_solar_system_id_seq OWNER TO freecodecamp;

--
-- Name: solar_system_solar_system_id_seq; Type: SEQUENCE OWNED BY; Schema: public; Owner: freecodecamp
--

ALTER SEQUENCE public.solar_system_solar_system_id_seq OWNED BY public.solar_system.solar_system_id;


--
-- Name: star; Type: TABLE; Schema: public; Owner: freecodecamp
--

CREATE TABLE public.star (
    star_id integer NOT NULL,
    name character varying(30) NOT NULL,
    radius_in_km numeric(4,1),
    galaxy_id integer,
    color numeric(3,2),
    has_satellite boolean
);


ALTER TABLE public.star OWNER TO freecodecamp;

--
-- Name: star_id_seq; Type: SEQUENCE; Schema: public; Owner: freecodecamp
--

CREATE SEQUENCE public.star_id_seq
    AS integer
    START WITH 1
    INCREMENT BY 1
    NO MINVALUE
    NO MAXVALUE
    CACHE 1;


ALTER TABLE public.star_id_seq OWNER TO freecodecamp;

--
-- Name: star_id_seq; Type: SEQUENCE OWNED BY; Schema: public; Owner: freecodecamp
--

ALTER SEQUENCE public.star_id_seq OWNED BY public.star.star_id;


--
-- Name: galaxy galaxy_id; Type: DEFAULT; Schema: public; Owner: freecodecamp
--

ALTER TABLE ONLY public.galaxy ALTER COLUMN galaxy_id SET DEFAULT nextval('public.galaxy_id_seq'::regclass);


--
-- Name: moon moon_id; Type: DEFAULT; Schema: public; Owner: freecodecamp
--

ALTER TABLE ONLY public.moon ALTER COLUMN moon_id SET DEFAULT nextval('public.moon_id_seq'::regclass);


--
-- Name: planet planet_id; Type: DEFAULT; Schema: public; Owner: freecodecamp
--

ALTER TABLE ONLY public.planet ALTER COLUMN planet_id SET DEFAULT nextval('public.planet_id_seq'::regclass);


--
-- Name: solar_system solar_system_id; Type: DEFAULT; Schema: public; Owner: freecodecamp
--

ALTER TABLE ONLY public.solar_system ALTER COLUMN solar_system_id SET DEFAULT nextval('public.solar_system_solar_system_id_seq'::regclass);


--
-- Name: star star_id; Type: DEFAULT; Schema: public; Owner: freecodecamp
--

ALTER TABLE ONLY public.star ALTER COLUMN star_id SET DEFAULT nextval('public.star_id_seq'::regclass);


--
-- Data for Name: galaxy; Type: TABLE DATA; Schema: public; Owner: freecodecamp
--

INSERT INTO public.galaxy VALUES (1, 'Milky Way', 3916, 200, 1);
INSERT INTO public.galaxy VALUES (2, 'Andromeda', NULL, NULL, 2);
INSERT INTO public.galaxy VALUES (3, 'Canis Major Dwarf Galaxy', NULL, NULL, NULL);
INSERT INTO public.galaxy VALUES (4, 'Cygnus A', NULL, NULL, NULL);
INSERT INTO public.galaxy VALUES (5, 'Magellanic Clouds', NULL, NULL, NULL);
INSERT INTO public.galaxy VALUES (6, 'Virgo A', NULL, NULL, NULL);


--
-- Data for Name: moon; Type: TABLE DATA; Schema: public; Owner: freecodecamp
--

INSERT INTO public.moon VALUES (1, 'Moon', NULL, 3, NULL);
INSERT INTO public.moon VALUES (2, 'Phobos', NULL, 4, NULL);
INSERT INTO public.moon VALUES (3, 'Deimos', NULL, 4, NULL);
INSERT INTO public.moon VALUES (4, 'Naiad', NULL, 7, NULL);
INSERT INTO public.moon VALUES (5, 'Thalassa', NULL, 7, NULL);
INSERT INTO public.moon VALUES (6, 'Despina', NULL, 7, NULL);
INSERT INTO public.moon VALUES (7, 'Galatea', NULL, 7, NULL);
INSERT INTO public.moon VALUES (8, 'Larissa', NULL, 7, NULL);
INSERT INTO public.moon VALUES (9, 'Hippocamp', NULL, 7, NULL);
INSERT INTO public.moon VALUES (10, 'Proteus', NULL, 7, NULL);
INSERT INTO public.moon VALUES (11, 'Triton', NULL, 7, NULL);
INSERT INTO public.moon VALUES (12, 'Nereid', NULL, 7, NULL);
INSERT INTO public.moon VALUES (13, 'Halimede', NULL, 7, NULL);
INSERT INTO public.moon VALUES (14, 'Sao', NULL, 7, NULL);
INSERT INTO public.moon VALUES (15, 'Laomedeia', NULL, 7, NULL);
INSERT INTO public.moon VALUES (16, 'Psamathe', NULL, 7, NULL);
INSERT INTO public.moon VALUES (17, 'Neso', NULL, 7, NULL);
INSERT INTO public.moon VALUES (18, 'Metis', NULL, 5, NULL);
INSERT INTO public.moon VALUES (19, 'Adrastea', NULL, 5, NULL);
INSERT INTO public.moon VALUES (20, 'Amalthea', NULL, 5, NULL);
INSERT INTO public.moon VALUES (21, 'Thebe', NULL, 5, NULL);


--
-- Data for Name: planet; Type: TABLE DATA; Schema: public; Owner: freecodecamp
--

INSERT INTO public.planet VALUES (1, 'Mercury', NULL, NULL, 1, 1);
INSERT INTO public.planet VALUES (2, 'Venus', NULL, NULL, 1, 1);
INSERT INTO public.planet VALUES (3, 'Earth', NULL, NULL, 1, 1);
INSERT INTO public.planet VALUES (4, 'Mars', NULL, NULL, 1, 1);
INSERT INTO public.planet VALUES (5, 'Jupiter', NULL, NULL, 1, 1);
INSERT INTO public.planet VALUES (6, 'Saturn', NULL, NULL, 1, 1);
INSERT INTO public.planet VALUES (7, 'Neptune', NULL, NULL, 1, 1);
INSERT INTO public.planet VALUES (8, 'Uranus', NULL, NULL, 1, 1);
INSERT INTO public.planet VALUES (9, 'Proxima Centauri b', NULL, NULL, 7, NULL);
INSERT INTO public.planet VALUES (10, 'Proxima Centauri c', NULL, NULL, 7, NULL);
INSERT INTO public.planet VALUES (11, 'Proxima Centauri d', NULL, NULL, 7, NULL);
INSERT INTO public.planet VALUES (12, 'Proxima Centauri a fake', NULL, NULL, 7, NULL);


--
-- Data for Name: solar_system; Type: TABLE DATA; Schema: public; Owner: freecodecamp
--

INSERT INTO public.solar_system VALUES (1, 'The Solar System', 8);
INSERT INTO public.solar_system VALUES (2, 'Alpha Centauri', 3);
INSERT INTO public.solar_system VALUES (3, 'Epsilon Eridani', 1);


--
-- Data for Name: star; Type: TABLE DATA; Schema: public; Owner: freecodecamp
--

INSERT INTO public.star VALUES (1, 'sun', NULL, 1, NULL, NULL);
INSERT INTO public.star VALUES (2, 'delta cap', NULL, 1, NULL, NULL);
INSERT INTO public.star VALUES (3, 'beta cap', NULL, 1, NULL, NULL);
INSERT INTO public.star VALUES (4, 'alpha cap', NULL, 1, NULL, NULL);
INSERT INTO public.star VALUES (5, 'gamma cap', NULL, 1, NULL, NULL);
INSERT INTO public.star VALUES (6, 'theta cap', NULL, 1, NULL, NULL);
INSERT INTO public.star VALUES (7, 'Proxima Centauri', NULL, 1, NULL, NULL);


--
-- Name: galaxy_id_seq; Type: SEQUENCE SET; Schema: public; Owner: freecodecamp
--

SELECT pg_catalog.setval('public.galaxy_id_seq', 6, true);


--
-- Name: moon_id_seq; Type: SEQUENCE SET; Schema: public; Owner: freecodecamp
--

SELECT pg_catalog.setval('public.moon_id_seq', 21, true);


--
-- Name: planet_id_seq; Type: SEQUENCE SET; Schema: public; Owner: freecodecamp
--

SELECT pg_catalog.setval('public.planet_id_seq', 12, true);


--
-- Name: solar_system_solar_system_id_seq; Type: SEQUENCE SET; Schema: public; Owner: freecodecamp
--

SELECT pg_catalog.setval('public.solar_system_solar_system_id_seq', 3, true);


--
-- Name: star_id_seq; Type: SEQUENCE SET; Schema: public; Owner: freecodecamp
--

SELECT pg_catalog.setval('public.star_id_seq', 7, true);


--
-- Name: galaxy galaxy_name_key; Type: CONSTRAINT; Schema: public; Owner: freecodecamp
--

ALTER TABLE ONLY public.galaxy
    ADD CONSTRAINT galaxy_name_key UNIQUE (name);


--
-- Name: galaxy galaxy_pkey; Type: CONSTRAINT; Schema: public; Owner: freecodecamp
--

ALTER TABLE ONLY public.galaxy
    ADD CONSTRAINT galaxy_pkey PRIMARY KEY (galaxy_id);


--
-- Name: moon moon_name_key; Type: CONSTRAINT; Schema: public; Owner: freecodecamp
--

ALTER TABLE ONLY public.moon
    ADD CONSTRAINT moon_name_key UNIQUE (name);


--
-- Name: moon moon_pkey; Type: CONSTRAINT; Schema: public; Owner: freecodecamp
--

ALTER TABLE ONLY public.moon
    ADD CONSTRAINT moon_pkey PRIMARY KEY (moon_id);


--
-- Name: planet planet_name_key; Type: CONSTRAINT; Schema: public; Owner: freecodecamp
--

ALTER TABLE ONLY public.planet
    ADD CONSTRAINT planet_name_key UNIQUE (name);


--
-- Name: planet planet_pkey; Type: CONSTRAINT; Schema: public; Owner: freecodecamp
--

ALTER TABLE ONLY public.planet
    ADD CONSTRAINT planet_pkey PRIMARY KEY (planet_id);


--
-- Name: solar_system solar_system_name_key; Type: CONSTRAINT; Schema: public; Owner: freecodecamp
--

ALTER TABLE ONLY public.solar_system
    ADD CONSTRAINT solar_system_name_key UNIQUE (name);


--
-- Name: solar_system solar_system_pkey; Type: CONSTRAINT; Schema: public; Owner: freecodecamp
--

ALTER TABLE ONLY public.solar_system
    ADD CONSTRAINT solar_system_pkey PRIMARY KEY (solar_system_id);


--
-- Name: star star_name_key; Type: CONSTRAINT; Schema: public; Owner: freecodecamp
--

ALTER TABLE ONLY public.star
    ADD CONSTRAINT star_name_key UNIQUE (name);


--
-- Name: star star_pkey; Type: CONSTRAINT; Schema: public; Owner: freecodecamp
--

ALTER TABLE ONLY public.star
    ADD CONSTRAINT star_pkey PRIMARY KEY (star_id);


--
-- Name: moon moon_planet_id_fkey; Type: FK CONSTRAINT; Schema: public; Owner: freecodecamp
--

ALTER TABLE ONLY public.moon
    ADD CONSTRAINT moon_planet_id_fkey FOREIGN KEY (planet_id) REFERENCES public.planet(planet_id);


--
-- Name: planet planet_star_id_fkey; Type: FK CONSTRAINT; Schema: public; Owner: freecodecamp
--

ALTER TABLE ONLY public.planet
    ADD CONSTRAINT planet_star_id_fkey FOREIGN KEY (star_id) REFERENCES public.star(star_id);


--
-- Name: star star_galaxy_id_fkey; Type: FK CONSTRAINT; Schema: public; Owner: freecodecamp
--

ALTER TABLE ONLY public.star
    ADD CONSTRAINT star_galaxy_id_fkey FOREIGN KEY (galaxy_id) REFERENCES public.galaxy(galaxy_id);


--
-- PostgreSQL database dump complete
--

